rank,company,no_of_employees,rank_change,revenues,revenue_change,profits,profit_change,assets,market_value
1,Walmart,"2,200,000.00",None,"523,964.00",0.02,"14,881.00",1.23,"236,495.00","321,803.30"
2,Amazon.com,"798,000.00",3.00,"280,522.00",0.21,"11,588.00",0.15,"225,248.00","970,680.10"
3,Exxon Mobil,"74,900.00",-1.00,"264,938.00",-0.09,"14,340.00",-0.31,"362,597.00","160,696.30"
4,Apple,"137,000.00",-1.00,"260,174.00",-0.02,"55,256.00",-0.07,"338,516.00","1,112,640.80"
5,CVS Health,"290,000.00",3.00,"256,776.00",0.32,"6,634.00",None,"222,449.00","77,375.80"
6,Berkshire Hathaway,"391,500.00",-2.00,"254,616.00",0.03,"81,417.00",19.25,"817,729.00","442,897.10"
7,UnitedHealth Group,"325,000.00",-1.00,"242,155.00",0.07,"13,839.00",0.16,"173,889.00","236,555.20"
8,McKesson,"70,000.00",-1.00,"214,319.00",0.03,34.00,-0.49,"59,672.00","21,845.00"
9,AT&T,"247,800.00",None,"181,193.00",0.06,"13,903.00",-0.28,"551,669.00","209,387.50"
10,AmerisourceBergen,"21,500.00",None,"179,589.10",0.07,855.40,-0.48,"39,172.00","18,221.40"
11,Alphabet,"118,899.00",4.00,"161,857.00",0.18,"34,343.00",0.12,"275,909.00","798,905.30"
12,Ford Motor,"190,000.00",None,"155,900.00",-0.03,47.00,-0.99,"258,537.00","19,150.60"
13,Cigna,"73,700.00",52.00,"153,566.00",2.16,"5,104.00",0.94,"155,774.00","65,896.70"
14,Costco Wholesale,"201,500.00",None,"152,703.00",0.08,"3,659.00",0.17,"45,400.00","125,907.70"
15,Chevron,"48,200.00",-4.00,"146,516.00",-0.12,"2,924.00",-0.80,"237,428.00","136,175.90"
16,Cardinal Health,"49,500.00",None,"145,534.00",0.06,"1,363.00",4.32,"40,963.00","13,988.10"
17,JPMorgan Chase,"256,981.00",1.00,"142,422.00",0.08,"36,431.00",0.12,"2,687,379.00","276,750.10"
18,General Motors,"164,000.00",-5.00,"137,237.00",-0.07,"6,732.00",-0.16,"228,037.00","29,694.70"
19,Walgreens Boots Alliance,"287,000.00",-2.00,"136,866.00",0.04,"3,982.00",-0.21,"67,598.00","40,528.20"
20,Verizon Communications,"135,000.00",-1.00,"131,868.00",0.01,"19,265.00",0.24,"291,727.00","222,220.00"
21,Microsoft,"144,000.00",5.00,"125,843.00",0.14,"39,240.00",1.37,"286,556.00","1,199,549.70"
22,Marathon Petroleum,"60,910.00",9.00,"124,813.00",0.29,"2,637.00",-0.05,"98,556.00","15,353.00"
23,Kroger,"435,000.00",-3.00,"122,286.00",0.01,"1,659.00",-0.47,"45,256.00","24,113.70"
24,Fannie Mae,"7,500.00",-2.00,"120,304.00",0.00,"14,160.00",-0.11,"3,503,319.00","1,841.40"
25,Bank of America,"208,131.00",None,"113,589.00",0.03,"27,430.00",-0.03,"2,434,079.00","185,226.90"
26,Home Depot,"415,700.00",1.00,"110,225.00",0.02,"11,242.00",0.01,"51,236.00","200,665.00"
27,Phillips 66,"14,500.00",-4.00,"109,559.00",-0.04,"3,076.00",-0.45,"58,720.00","23,490.00"
28,Comcast,"190,000.00",4.00,"108,942.00",0.15,"13,057.00",0.11,"263,414.00","156,533.30"
29,Anthem,"70,600.00",4.00,"104,213.00",0.13,"4,807.00",0.28,"77,453.00","57,245.20"
30,Wells Fargo,"259,800.00",-1.00,"103,915.00",0.03,"19,549.00",-0.13,"1,927,555.00","117,365.70"
31,Citigroup,"200,000.00",-1.00,"103,449.00",0.07,"19,401.00",0.08,"1,951,158.00","88,376.50"
32,Valero Energy,"10,222.00",-8.00,"102,729.00",-0.08,"2,422.00",-0.22,"53,864.00","18,531.60"
33,General Electric,"205,000.00",-12.00,"95,214.00",-0.21,"-4,979.00",None,"266,048.00","69,406.10"
34,Dell Technologies,"165,000.00",None,"92,154.00",0.02,"4,616.00",None,"118,861.00","29,246.20"
35,Johnson & Johnson,"132,200.00",2.00,"82,059.00",0.01,"15,119.00",-0.01,"157,728.00","345,704.90"
36,State Farm Insurance,"57,672.00",None,"79,395.30",-0.03,"5,592.70",-0.36,"294,823.20",-
37,Target,"368,000.00",2.00,"78,112.00",0.04,"3,281.00",0.12,"42,779.00","46,574.40"
38,IBM,"383,800.00",None,"77,147.00",-0.03,"9,431.00",0.08,"152,186.00","98,551.10"
39,Raytheon Technologies,"243,200.00",7.00,"77,046.00",0.16,"5,537.00",0.05,"139,716.00","81,705.30"
40,Boeing,"161,100.00",-12.00,"76,559.00",-0.24,-636.00,-1.06,"133,625.00","84,148.60"
41,Freddie Mac,"6,892.00",-1.00,"75,125.00",0.02,"7,214.00",-0.22,"2,203,623.00",908.70
42,Centene,"56,600.00",9.00,"74,639.00",0.24,"1,321.00",0.47,"40,994.00","34,862.40"
43,United Parcel Service,"377,640.00",-2.00,"74,094.00",0.03,"4,440.00",-0.07,"57,857.00","80,196.10"
44,Lowe\'s,"260,000.00",-2.00,"72,148.00",0.01,"4,281.00",0.85,"39,471.00","64,963.30"
45,Intel,"110,800.00",-2.00,"71,965.00",0.02,"21,048.00",None,"136,524.00","231,661.90"
46,Facebook,"44,942.00",11.00,"70,697.00",0.27,"18,485.00",-0.16,"133,376.00","475,455.20"
47,FedEx,"389,500.00",None,"69,693.00",0.07,540.00,-0.88,"54,403.00","31,679.10"
48,MetLife,"49,000.00",-4.00,"69,620.00",0.03,"5,899.00",0.15,"740,463.00","27,996.90"
49,Walt Disney,"223,000.00",4.00,"69,570.00",0.17,"11,054.00",-0.12,"193,984.00","174,405.40"
50,Procter & Gamble,"97,000.00",-5.00,"67,684.00",0.01,"3,897.00",-0.60,"115,095.00","271,639.80"
51,PepsiCo,"267,000.00",-3.00,"67,161.00",0.04,"7,314.00",-0.42,"78,547.00","166,847.80"
52,Humana,"46,000.00",4.00,"64,888.00",0.14,"2,707.00",0.61,"29,074.00","41,489.50"
53,Prudential Financial,"51,511.00",-3.00,"64,807.00",0.03,"4,186.00",0.03,"896,552.00","20,649.70"
54,Archer Daniels Midland,"38,100.00",-5.00,"64,656.00",0.01,"1,379.00",-0.24,"43,997.00","19,602.60"
55,Albertsons,"267,000.00",-3.00,"60,534.50",0.01,131.10,1.83,"20,776.60",-
56,Sysco,"69,000.00",-2.00,"60,113.90",0.02,"1,674.30",0.17,"17,966.50","23,203.20"
57,Lockheed Martin,"110,000.00",3.00,"59,812.00",0.11,"6,230.00",0.24,"47,528.00","95,539.30"
58,HP,"56,000.00",-3.00,"58,756.00",0.01,"3,152.00",-0.41,"33,467.00","24,820.70"
59,Energy Transfer,"12,812.00",None,"54,213.00",0.00,"3,592.00",1.12,"98,880.00","12,373.50"
60,Goldman Sachs Group,"38,300.00",2.00,"53,922.00",0.03,"8,466.00",-0.19,"992,968.00","55,416.70"
61,Morgan Stanley,"60,431.00",2.00,"53,823.00",0.07,"9,042.00",0.03,"895,429.00","52,101.50"
62,Caterpillar,"102,300.00",-4.00,"53,800.00",-0.02,"6,093.00",-0.01,"78,453.00","63,831.60"
63,Cisco Systems,"75,900.00",1.00,"51,904.00",0.05,"11,621.00",104.65,"97,793.00","166,709.00"
64,Pfizer,"88,300.00",-3.00,"51,750.00",-0.04,"16,273.00",0.46,"167,489.00","181,074.90"
65,HCA Healthcare,"245,000.00",2.00,"51,336.00",0.10,"3,505.00",-0.07,"45,058.00","30,411.40"
66,AIG,"46,000.00",None,"49,746.00",0.05,"3,348.00",None,"525,064.00","20,886.30"
67,American Express,"64,500.00",5.00,"47,020.00",0.09,"6,759.00",-0.02,"198,321.00","68,982.70"
68,Delta Air Lines,"91,224.00",1.00,"47,007.00",0.06,"4,767.00",0.21,"64,532.00","18,261.90"
69,Merck,"71,000.00",7.00,"46,840.00",0.11,"9,843.00",0.58,"84,397.00","195,140.50"
70,American Airlines Group,"133,700.00",-2.00,"45,768.00",0.03,"1,686.00",0.19,"59,995.00","5,193.70"
71,Charter Communications,"95,100.00",-1.00,"45,764.00",0.05,"1,668.00",0.36,"148,188.00","111,924.00"
72,Allstate,"46,035.00",10.00,"44,675.00",0.12,"4,847.00",1.15,"119,950.00","29,070.50"
73,New York Life Insurance,"11,519.00",-2.00,"44,116.60",0.02,"1,003.80",0.14,"330,806.30",-
74,Nationwide,"28,114.00",-1.00,"43,982.00",0.02,829.70,0.62,"239,539.60",-
75,Best Buy,"125,000.00",-1.00,"43,638.00",0.02,"1,541.00",0.05,"15,591.00","14,647.40"
76,United Airlines Holdings,"96,000.00",2.00,"43,259.00",0.05,"3,009.00",0.41,"52,611.00","7,822.90"
77,Liberty Mutual Insurance Group,"45,000.00",-2.00,"43,228.00",0.01,"1,044.00",-0.52,"133,644.00",-
78,Dow,"36,500.00",None,"42,951.00",None,"-1,359.00",None,"60,524.00","21,716.00"
79,Tyson Foods,"141,000.00",1.00,"42,405.00",0.06,"2,022.00",-0.33,"33,097.00","21,124.80"
80,TJX,"286,000.00",5.00,"41,717.00",0.07,"3,272.20",0.07,"24,145.00","57,262.00"
81,TIAA,"16,533.00",-2.00,"40,454.40",-0.02,"2,460.10",0.58,"615,042.30",-
82,Oracle,"136,000.00",-1.00,"39,506.00",-0.01,"11,083.00",1.90,"108,709.00","152,412.70"
83,General Dynamics,"102,900.00",9.00,"39,350.00",0.09,"3,484.00",0.04,"48,841.00","38,398.10"
84,Deere,"73,489.00",3.00,"39,258.00",0.05,"3,253.00",0.37,"73,011.00","43,329.70"
85,Nike,"76,700.00",5.00,"39,117.00",0.08,"4,029.00",1.08,"23,717.00","128,857.00"
86,Progressive,"41,571.00",13.00,"39,022.30",0.22,"3,970.30",0.52,"54,895.30","43,218.40"
87,Publix Super Markets,"207,000.00",4.00,"38,462.80",0.06,"3,005.40",0.26,"24,507.10",-
88,Coca-Cola,"86,200.00",12.00,"37,266.00",0.17,"8,920.00",0.39,"86,381.00","189,983.00"
89,Massachusetts Mutual Life Insurance,"9,896.00",-5.00,"37,253.40",-0.05,"3,700.70",8.30,"290,730.70",-
90,Tech Data,"15,000.00",-2.00,"36,998.40",-0.01,374.50,0.10,"13,268.60","4,645.00"
91,World Fuel Services,"5,500.00",-8.00,"36,819.00",-0.07,178.90,0.40,"5,992.40","1,646.90"
92,Honeywell International,"113,000.00",-15.00,"36,709.00",-0.12,"6,143.00",-0.09,"58,679.00","94,627.90"
93,ConocoPhillips,"10,400.00",-7.00,"36,670.00",-0.05,"7,189.00",0.15,"70,514.00","33,167.30"
94,USAA,"35,076.00",7.00,"35,617.40",0.14,"4,006.30",0.75,"173,732.60",-
95,Exelon,"32,713.00",-2.00,"34,438.00",-0.04,"2,936.00",0.46,"124,977.00","35,850.40"
96,Northrop Grumman,"90,000.00",12.00,"33,841.00",0.12,"2,248.00",-0.30,"41,089.00","50,718.60"
97,Capital One Financial,"51,900.00",1.00,"33,766.00",0.04,"5,546.00",-0.08,"390,365.00","23,063.20"
98,Plains GP Holdings,"5,000.00",-4.00,"33,669.00",-0.01,331.00,-0.01,"29,969.00","1,021.80"
99,AbbVie,"30,000.00",-3.00,"33,266.00",0.02,"7,882.00",0.39,"89,115.00","112,507.70"
100,StoneX Group,"2,012.00",12.00,"32,897.00",0.19,85.10,0.53,"9,936.10",699.90
101,Enterprise Products Partners,"7,300.00",-12.00,"32,789.20",-0.10,"4,591.30",0.10,"61,733.20","31,305.90"
102,Northwestern Mutual,"5,964.00",9.00,"32,293.60",0.11,"1,268.00",0.62,"290,318.00",-
103,3M,"96,163.00",-8.00,"32,136.00",-0.02,"4,570.00",-0.15,"44,659.00","78,528.80"
104,Abbott Laboratories,"107,000.00",-1.00,"31,904.00",0.04,"3,687.00",0.56,"67,887.00","139,152.50"
105,CHS,"10,703.00",-8.00,"31,900.50",-0.02,829.90,0.07,"16,447.50",-
106,Travelers,"30,800.00",None,"31,581.00",0.04,"2,622.00",0.04,"110,122.00","25,337.30"
107,Philip Morris International,"73,500.00",3.00,"29,805.00",0.01,"7,185.00",-0.09,"42,875.00","113,606.40"
108,Raytheon,"70,000.00",6.00,"29,176.00",0.08,"3,343.00",0.15,"34,566.00","36,517.50"
109,Hewlett Packard Enterprise,"61,600.00",-7.00,"29,135.00",-0.06,"1,049.00",-0.45,"51,803.00","12,509.80"
110,Arrow Electronics,"19,300.00",-1.00,"28,916.80",-0.03,-204.10,-1.29,"16,400.80","4,182.90"
111,ViacomCBS,"26,280.00",106.00,"27,812.00",0.92,"3,308.00",0.69,"49,519.00","8,798.20"
112,Dollar General,"143,000.00",7.00,"27,754.00",0.08,"1,712.60",0.08,"22,825.10","38,045.70"
113,U.S. Bancorp,"69,651.00",4.00,"27,325.00",0.06,"6,914.00",-0.03,"495,426.00","52,407.50"
114,Starbucks,"346,000.00",7.00,"26,508.60",0.07,"3,599.20",-0.20,"19,219.60","77,178.60"
115,Bristol-Myers Squibb,"30,000.00",23.00,"26,145.00",0.16,"3,439.00",-0.30,"129,944.00","126,109.70"
116,US Foods Holding,"28,000.00",9.00,"25,939.00",0.07,385.00,-0.05,"11,288.00","3,898.40"
117,Mondelez International,"80,000.00",-1.00,"25,868.00",0.00,"3,870.00",0.15,"64,549.00","71,761.80"
118,Paccar,"27,000.00",12.00,"25,599.70",0.09,"2,387.90",0.09,"28,361.10","21,174.90"
119,Thermo Fisher Scientific,"75,000.00",5.00,"25,542.00",0.05,"3,696.00",0.26,"58,381.00","113,107.70"
120,Macy\'s,"123,000.00",-2.00,"25,331.00",-0.02,564.00,-0.49,"21,172.00","1,520.40"
121,Jabil,"200,000.00",19.00,"25,282.30",0.14,287.10,2.33,"12,970.50","3,738.40"
122,Kraft Heinz,"37,000.00",-7.00,"24,977.00",-0.05,"1,935.00",None,"101,450.00","30,226.30"
123,Duke Energy,"28,793.00",3.00,"24,658.00",0.02,"3,748.00",0.41,"158,838.00","59,368.20"
124,Tesla,"48,016.00",20.00,"24,578.00",0.15,-862.00,None,"34,309.00","96,473.40"
125,PBF Energy,"3,442.00",-12.00,"24,508.20",-0.10,319.40,1.49,"9,132.40",848.10
126,Qualcomm,"37,000.00",11.00,"24,273.00",0.07,"4,386.00",None,"32,957.00","77,326.80"
127,NGL Energy Partners,"1,300.00",52.00,"24,087.80",0.39,360.00,None,"5,902.50",333.70
128,CBRE Group,"100,000.00",18.00,"23,894.10",0.12,"1,282.40",0.21,"16,197.20","12,625.00"
129,Baker Hughes,"68,000.00",None,"23,838.00",0.04,128.00,-0.34,"53,369.00","10,827.30"
130,Synnex,"240,900.00",28.00,"23,757.30",0.19,500.70,0.67,"11,698.00","3,718.90"
131,Dollar Tree,"125,000.00",4.00,"23,610.80",0.04,827.00,None,"19,574.60","17,398.50"
132,Cummins,"61,615.00",-4.00,"23,571.00",-0.01,"2,260.00",0.06,"19,737.00","20,043.90"
133,United Natural Foods,"19,000.00",177.00,"23,481.10",1.30,-285.00,-2.72,"7,181.00",492.20
134,Micron Technology,"37,000.00",-29.00,"23,406.00",-0.23,"6,313.00",-0.55,"48,887.00","46,778.50"
135,Amgen,"23,400.00",-6.00,"23,362.00",-0.02,"7,842.00",-0.07,"59,707.00","119,571.50"
136,Penske Automotive Group,"26,980.00",None,"23,179.40",0.02,435.80,-0.08,"13,942.70","2,264.90"
137,Visa,"19,500.00",16.00,"22,977.00",0.12,"12,080.00",0.17,"72,574.00","316,199.10"
138,Broadcom,"19,000.00",12.00,"22,597.00",0.08,"2,724.00",-0.78,"67,493.00","94,790.50"
139,Nucor,"26,800.00",-19.00,"22,588.90",-0.10,"1,271.10",-0.46,"18,344.70","10,846.80"
140,Gilead Sciences,"11,800.00",-1.00,"22,449.00",0.02,"5,386.00",-0.01,"61,627.00","94,124.00"
141,Southwest Airlines,"60,767.00",1.00,"22,428.00",0.02,"2,300.00",-0.07,"25,895.00","18,420.90"
142,Halliburton,"55,000.00",-15.00,"22,408.00",-0.07,"-1,131.00",-1.68,"25,377.00","6,027.40"
143,CenturyLink,"42,500.00",-11.00,"22,401.00",-0.04,"-5,269.00",None,"64,742.00","10,307.10"
144,International Paper,"51,000.00",-11.00,"22,376.00",-0.04,"1,225.00",-0.39,"33,471.00","12,206.80"
145,Eli Lilly,"33,625.00",-22.00,"22,319.50",-0.09,"8,318.40",1.57,"39,286.10","132,760.40"
146,Aflac,"11,729.00",-3.00,"22,307.00",0.03,"3,304.00",0.13,"152,768.00","24,738.80"
147,Lennar,"10,106.00",7.00,"22,259.60",0.08,"1,849.10",0.09,"29,359.50","11,590.80"
148,Occidental Petroleum,"14,400.00",19.00,"21,971.00",0.16,-667.00,-1.16,"109,330.00","10,366.70"
149,Union Pacific,"37,483.00",-15.00,"21,708.00",-0.05,"5,919.00",-0.01,"61,673.00","97,354.50"
150,Rite Aid,"42,645.00",-43.00,"21,674.40",-0.28,-422.20,-1.45,"7,591.40",822.30
151,PNC Financial Services Group,"50,968.00",8.00,"21,624.00",0.08,"5,369.00",0.01,"410,295.00","41,037.70"
152,DuPont,"35,000.00",-117.00,"21,512.00",-0.75,498.00,-0.87,"69,396.00","25,213.10"
153,Southern,"27,943.00",-22.00,"21,419.00",-0.09,"4,739.00",1.13,"118,700.00","57,075.90"
154,AutoNation,"25,000.00",-9.00,"21,335.70",0.00,450.00,0.14,"10,543.30","2,510.70"
155,DXC Technology,"130,000.00",-33.00,"21,184.00",-0.14,"1,257.00",-0.28,"29,574.00","3,311.10"
156,McDonald\'s,"205,000.00",-7.00,"21,076.50",0.00,"6,025.40",0.02,"47,510.80","123,259.60"
157,Marriott International,"174,000.00",-6.00,"20,972.00",0.01,"1,273.00",-0.33,"25,051.00","24,254.50"
158,ManpowerGroup,"28,000.00",-17.00,"20,863.50",-0.05,465.70,-0.16,"9,223.80","3,109.40"
159,Bank of New York Mellon,"48,400.00",4.00,"20,822.00",0.08,"4,441.00",0.04,"381,508.00","29,808.50"
160,Hartford Financial Services Group,"19,500.00",1.00,"20,740.00",0.05,"2,085.00",0.15,"70,817.00","12,624.80"
161,Danaher,"60,000.00",-1.00,"20,521.20",0.03,"3,008.20",0.14,"62,081.60","96,457.30"
162,Whirlpool,"77,000.00",-14.00,"20,419.00",-0.03,"1,184.00",None,"18,881.00","5,377.80"
163,AECOM,"86,000.00",-6.00,"20,173.30",0.00,-261.10,-2.91,"14,461.60","4,734.90"
164,Netflix,"8,600.00",33.00,"20,156.40",0.28,"1,866.90",0.54,"33,975.70","164,771.90"
165,Kohl\'s,"79,500.00",-9.00,"19,974.00",-0.01,691.00,-0.14,"14,555.00","2,265.00"
166,Lear,"164,100.00",-19.00,"19,810.30",-0.06,753.60,-0.35,"12,680.70","4,913.40"
167,Altria Group,"7,300.00",-5.00,"19,796.00",0.01,"-1,293.00",-1.19,"49,271.00","71,863.00"
168,Performance Food Group,"18,000.00",8.00,"19,743.50",0.12,166.80,-0.16,"4,653.50","2,896.70"
169,Avnet,"15,500.00",-4.00,"19,518.60",0.03,176.30,None,"8,564.60","2,505.90"
170,Synchrony Financial,"16,500.00",3.00,"19,461.00",0.07,"3,747.00",0.34,"104,826.00","9,870.80"
171,Genuine Parts,"55,000.00",-2.00,"19,392.30",0.04,621.10,-0.23,"14,645.60","9,788.50"
172,NextEra Energy,"14,800.00",12.00,"19,204.00",0.15,"3,769.00",-0.43,"117,691.00","117,655.00"
173,CarMax,"25,946.00",1.00,"19,146.00",0.07,842.40,0.27,"18,717.90","8,795.00"
174,Tenet Healthcare,"101,104.00",-2.00,"18,479.00",0.01,-232.00,-3.09,"23,351.00","1,501.80"
175,Kimberly-Clark,"40,000.00",-4.00,"18,450.00",0.00,"2,157.00",0.53,"15,283.00","43,662.50"
176,Emerson Electric,"88,000.00",2.00,"18,372.00",0.06,"2,306.00",0.05,"20,497.00","29,154.20"
177,WestRock,"51,100.00",13.00,"18,289.00",0.12,862.90,-0.55,"30,156.70","7,304.00"
178,CDW,"9,900.00",13.00,"18,032.40",0.11,736.80,0.15,"7,999.40","13,316.30"
179,Jones Lang LaSalle,"93,400.00",10.00,"17,983.20",0.10,535.30,0.11,"13,672.60","5,207.10"
180,Sherwin-Williams,"61,111.00",-3.00,"17,900.80",0.02,"1,541.30",0.39,"20,496.20","42,185.80"
181,Fluor,"53,349.00",-17.00,"17,817.20",-0.07,"-1,305.00",-6.80,"7,883.70",968.60
182,PayPal Holdings,"23,200.00",22.00,"17,772.00",0.15,"2,459.00",0.20,"51,333.00","112,298.80"
183,D.R. Horton,"8,916.00",11.00,"17,592.90",0.10,"1,618.50",0.11,"15,606.60","12,456.40"
184,HollyFrontier,"4,074.00",-9.00,"17,486.60",-0.01,772.40,-0.30,"12,164.80","3,967.80"
185,Tenneco,"78,000.00",82.00,"17,450.00",0.48,-334.00,-7.07,"13,226.00",292.30
186,EOG Resources,"2,900.00",-5.00,"17,380.00",0.01,"2,734.90",-0.20,"37,124.60","20,907.40"
187,Becton Dickinson,"70,093.00",8.00,"17,290.00",0.08,"1,233.00",2.97,"51,765.00","62,307.50"
188,Lincoln National,"11,357.00",-1.00,"17,258.00",0.05,886.00,-0.46,"334,761.00","5,142.20"
189,PG&E,"23,000.00",-6.00,"17,129.00",0.02,"-7,656.00",None,"85,196.00","4,762.80"
190,salesforce.com,"49,000.00",50.00,"17,098.00",0.29,126.00,-0.89,"55,126.00","128,862.10"
191,Mastercard,"18,600.00",19.00,"16,883.00",0.13,"8,118.00",0.39,"29,236.00","242,794.10"
192,General Mills,"40,000.00",8.00,"16,865.20",0.07,"1,752.70",-0.18,"30,111.20","31,986.00"
193,Molina Healthcare,"10,000.00",-25.00,"16,829.00",-0.11,737.00,0.04,"6,787.00","8,500.80"
194,Cognizant Technology Solutions,"292,500.00",-1.00,"16,783.00",0.04,"1,842.00",-0.12,"16,204.00","25,495.20"
195,Marsh & McLennan,"76,000.00",15.00,"16,652.00",0.11,"1,742.00",0.06,"31,357.00","43,567.00"
196,XPO Logistics,"100,000.00",-16.00,"16,648.00",-0.04,419.00,-0.01,"14,128.00","4,502.40"
197,Dominion Energy,"19,100.00",41.00,"16,572.00",0.24,"1,358.00",-0.45,"103,823.00","60,514.90"
198,Western Digital,"61,800.00",-46.00,"16,569.00",-0.20,-754.00,-2.12,"26,370.00","12,441.50"
199,Gap,"129,000.00",-13.00,"16,383.00",-0.01,351.00,-0.65,"13,679.00","2,614.00"
200,Aramark,"233,400.00",-2.00,"16,227.30",0.03,448.50,-0.21,"13,736.30","5,037.80"
201,Principal Financial,"17,601.00",18.00,"16,222.10",0.14,"1,394.20",-0.10,"276,087.80","8,608.70"
202,Ross Stores,"92,500.00",7.00,"16,039.10",0.07,"1,660.90",0.05,"9,348.40","30,952.30"
203,Colgate-Palmolive,"34,300.00",-1.00,"15,693.00",0.01,"2,367.00",-0.01,"15,034.00","56,900.20"
204,American Electric Power,"17,408.00",-12.00,"15,561.40",-0.04,"1,921.10",0.00,"75,892.30","39,576.70"
205,Nordstrom,"75,000.00",-9.00,"15,524.00",-0.02,496.00,-0.12,"9,737.00","2,398.40"
206,Jacobs Engineering Group,"50,000.00",2.00,"15,463.60",0.03,848.00,4.19,"11,462.70","10,546.90"
207,Waste Management,"44,900.00",6.00,"15,455.00",0.04,"1,670.00",-0.13,"27,743.00","39,210.90"
208,C.H. Robinson Worldwide,"15,427.00",-23.00,"15,309.50",-0.08,577.00,-0.13,"4,641.10","8,694.70"
209,PPG Industries,"47,600.00",-4.00,"15,146.00",-0.02,"1,243.00",-0.07,"17,708.00","19,722.10"
210,Booking Holdings,"26,400.00",6.00,"15,066.00",0.04,"4,865.00",0.22,"21,402.00","55,241.30"
211,Omnicom Group,"70,000.00",-5.00,"14,953.70",-0.02,"1,339.10",0.01,"26,783.40","11,906.00"
212,Loews,"18,605.00",14.00,"14,931.00",0.06,932.00,0.47,"82,243.00","10,023.00"
213,Ecolab,"50,200.00",2.00,"14,906.30",0.02,"1,558.90",0.09,"20,869.10","45,060.80"
214,Stryker,"40,000.00",19.00,"14,884.00",0.09,"2,083.00",-0.41,"30,167.00","62,405.10"
215,Estee Lauder,"48,000.00",16.00,"14,863.00",0.09,"1,785.00",0.61,"13,156.00","57,289.10"
216,Goodyear Tire & Rubber,"63,000.00",-13.00,"14,745.00",-0.05,-311.00,-1.45,"17,185.00","1,354.20"
217,Truist Financial,"59,000.00",29.00,"14,664.00",0.13,"3,224.00",0.00,"473,078.00","41,479.80"
218,Applied Materials,"22,000.00",-36.00,"14,608.00",-0.15,"2,706.00",-0.18,"19,024.00","42,076.70"
219,BlackRock,"16,200.00",2.00,"14,539.00",0.02,"4,476.00",0.04,"168,622.00","68,119.50"
220,Stanley Black & Decker,"59,438.00",8.00,"14,442.20",0.03,955.80,0.58,"20,596.60","15,402.50"
221,Freeport-McMoRan,"27,500.00",-51.00,"14,402.00",-0.23,-239.00,-1.09,"40,809.00","9,794.10"
222,Texas Instruments,"29,768.00",-23.00,"14,383.00",-0.09,"5,017.00",-0.10,"18,018.00","93,303.20"
223,Biogen,"7,400.00",12.00,"14,377.90",0.07,"5,888.50",0.33,"27,234.30","55,070.40"
224,Parker-Hannifin,"55,610.00",-6.00,"14,320.30",0.00,"1,512.40",0.43,"17,576.70","16,652.50"
225,Reinsurance Group of America,"3,188.00",26.00,"14,300.00",0.11,870.00,0.22,"76,731.00","5,186.00"
226,Howmet Aerospace,"41,700.00",1.00,"14,192.00",0.01,470.00,-0.27,"17,578.00","7,000.90"
227,Automatic Data Processing,"58,000.00",12.00,"14,175.20",0.06,"2,292.80",0.42,"41,887.70","59,012.20"
228,Uber Technologies,"26,900.00",None,"14,147.00",0.26,"-8,506.00",-9.53,"31,761.00","48,226.10"
229,Illinois Tool Works,"45,000.00",-15.00,"14,109.00",-0.05,"2,521.00",-0.02,"15,068.00","45,125.60"
230,DaVita,"65,000.00",-42.00,"14,101.50",-0.14,811.00,4.09,"17,311.40","9,553.10"
231,Discover Financial Services,"17,200.00",22.00,"13,989.00",0.09,"2,957.00",0.08,"113,996.00","10,923.50"
232,Land O\'Lakes,"8,000.00",-20.00,"13,887.70",-0.07,205.90,-0.19,"8,899.30",-
233,VF,"75,000.00",19.00,"13,870.60",0.08,"1,259.80",0.91,"10,356.80","21,346.50"
234,Corteva,"21,000.00",None,"13,846.00",None,-959.00,None,"42,397.00","17,608.20"
235,Las Vegas Sands,"50,000.00",-5.00,"13,739.00",0.00,"2,698.00",0.12,"23,199.00","32,433.70"
236,Textron,"35,000.00",-7.00,"13,630.00",-0.02,815.00,-0.33,"15,018.00","6,071.30"
237,Kellogg,"31,000.00",-3.00,"13,578.00",0.00,960.00,-0.28,"17,564.00","20,546.50"
238,Guardian Life Ins. Co. of America,"9,032.00",6.00,"13,476.70",0.04,679.80,0.46,"79,387.70",-
239,Qurate Retail,"25,314.00",-14.00,"13,458.00",-0.04,-456.00,-1.50,"17,305.00","2,539.60"
240,Core-Mark Holding,"8,555.00",10.00,"13,329.20",0.03,57.70,0.27,"1,898.40","1,294.80"
241,Community Health Systems,"71,500.00",-18.00,"13,210.00",-0.07,-675.00,None,"15,609.00",393.60
242,Kinder Morgan,"11,086.00",-18.00,"13,209.00",-0.07,"2,190.00",0.36,"74,157.00","31,529.70"
243,BJ\'s Wholesale Club,"27,231.00",2.00,"13,190.70",0.01,187.20,0.47,"5,269.80","3,496.20"
244,State Street,"39,103.00",3.00,"13,131.00",0.01,"2,242.00",-0.14,"245,610.00","18,875.80"
245,Ameriprise Financial,"12,500.00",4.00,"13,103.00",0.01,"1,893.00",-0.10,"151,828.00","12,601.80"
246,Global Partners,"3,860.00",8.00,"13,081.70",0.03,35.90,-0.66,"2,808.40",299.80
247,United States Steel,"27,500.00",-25.00,"12,937.00",-0.09,-630.00,-1.57,"11,608.00","1,074.30"
248,L Brands,"59,950.00",-7.00,"12,914.20",-0.02,-366.40,-1.57,"10,125.00","3,196.70"
249,MGM Resorts International,"72,000.00",17.00,"12,899.70",0.10,"2,049.10",3.39,"33,876.40","5,813.80"
250,L3Harris Technologies,"50,000.00",224.00,"12,856.00",1.08,"1,333.00",0.86,"38,336.00","39,067.30"
251,DISH Network,"16,000.00",-19.00,"12,807.70",-0.06,"1,399.50",-0.11,"33,230.90","10,455.80"
252,Lithia Motors,"14,320.00",13.00,"12,672.70",0.07,271.50,0.02,"6,083.90","1,910.00"
253,DTE Energy,"10,700.00",-33.00,"12,669.00",-0.11,"1,169.00",0.04,"41,882.00","18,289.50"
254,American Family Insurance Group,"13,531.00",52.00,"12,633.20",0.22,455.90,0.54,"31,123.70",-
255,Farmers Insurance Exchange,"10,980.00",15.00,"12,592.50",0.08,55.30,None,"17,456.50",-
256,Consolidated Edison,"14,890.00",3.00,"12,574.00",0.02,"1,343.00",-0.03,"58,079.00","26,034.50"
257,LKQ,"51,000.00",5.00,"12,506.10",0.05,541.30,0.13,"12,780.00","6,310.70"
258,Sempra Energy,"13,969.00",11.00,"12,443.00",0.07,"2,197.00",1.09,"65,665.00","33,037.40"
259,Edison International,"12,937.00",-4.00,"12,347.00",-0.02,"1,284.00",None,"64,382.00","19,867.60"
260,CenterPoint Energy,"14,262.00",39.00,"12,301.00",0.16,791.00,1.15,"35,439.00","7,765.40"
261,Quanta Services,"40,300.00",22.00,"12,112.20",0.08,402.00,0.37,"8,331.70","4,537.20"
262,Murphy USA,"7,250.00",-5.00,"12,101.30",-0.03,154.80,-0.28,"2,687.20","2,556.80"
263,Expedia Group,"25,400.00",17.00,"12,067.00",0.08,565.00,0.39,"21,416.00","7,877.20"
264,Group 1 Automotive,"15,296.00",8.00,"12,043.80",0.04,174.00,0.10,"5,570.20",813.20
265,Bed Bath & Beyond,"62,000.00",-7.00,"12,028.80",-0.03,-137.20,-1.32,"6,570.50",534.50
266,Unum Group,"10,300.00",7.00,"11,998.90",0.04,"1,100.30",1.10,"67,013.40","3,046.60"
267,CSX,"20,908.00",-7.00,"11,937.00",-0.03,"3,331.00",0.01,"38,257.00","44,161.70"
268,AutoZone,"75,840.00",13.00,"11,863.70",0.06,"1,617.20",0.21,"9,895.90","19,756.20"
269,Pacific Life,"3,815.00",29.00,"11,847.00",0.11,725.00,-0.21,"171,473.00",-
270,Vistra Energy,"5,475.00",67.00,"11,809.00",0.29,928.00,None,"26,616.00","7,795.30"
271,Charles Schwab,"19,700.00",18.00,"11,785.00",0.07,"3,704.00",0.06,"294,005.00","43,278.20"
272,Crown Holdings,"33,043.00",12.00,"11,665.00",0.05,510.00,0.16,"15,505.00","7,875.80"
273,Ally Financial,"8,700.00",30.00,"11,618.00",0.11,"1,715.00",0.36,"180,644.00","5,402.50"
274,Laboratory Corp. of America,"65,000.00",4.00,"11,554.80",0.02,823.80,-0.07,"18,046.40","12,297.70"
275,Live Nation Entertainment,"18,200.00",17.00,"11,548.00",0.07,69.90,0.16,"10,975.60","9,752.60"
276,Xcel Energy,"11,295.00",-2.00,"11,529.00",0.00,"1,372.00",0.09,"50,448.00","31,637.50"
277,Corning,"49,500.00",2.00,"11,503.00",0.02,960.00,-0.10,"28,898.00","15,664.20"
278,W.W. Grainger,"24,550.00",4.00,"11,486.00",0.02,849.00,0.09,"6,005.00","13,337.80"
279,Ball,"18,300.00",-8.00,"11,474.00",-0.01,566.00,0.25,"17,360.00","21,065.30"
280,Fox,"7,700.00",None,"11,389.00",None,"1,595.00",None,"19,509.00","14,142.90"
281,Universal Health Services,"79,050.00",12.00,"11,378.30",0.06,814.90,0.05,"11,668.30","8,593.20"
282,Baxter International,"50,000.00",4.00,"11,362.00",0.02,"1,001.00",-0.35,"18,193.00","41,180.10"
283,Norfolk Southern,"24,587.00",-6.00,"11,296.00",-0.01,"2,722.00",0.02,"37,923.00","37,537.30"
284,Navistar International,"12,300.00",24.00,"11,251.00",0.10,221.00,-0.35,"6,917.00","1,640.60"
285,Adobe,"22,634.00",54.00,"11,171.30",0.24,"2,951.50",0.14,"20,762.40","153,328.30"
286,J.C. Penney,"90,000.00",-25.00,"11,167.00",-0.07,-268.00,None,"7,989.00",115.60
287,Discovery,"9,200.00",13.00,"11,144.00",0.06,"2,069.00",2.48,"33,735.00","9,503.10"
288,Keurig Dr Pepper,"25,500.00",121.00,"11,120.00",0.49,"1,254.00",1.14,"49,518.00","34,147.60"
289,Leidos Holdings,"34,000.00",22.00,"11,094.00",0.09,667.00,0.15,"9,367.00","13,000.30"
290,IQVIA Holdings,"67,000.00",15.00,"11,088.00",0.07,191.00,-0.26,"23,251.00","20,797.20"
291,Reliance Steel & Aluminum,"15,300.00",-16.00,"10,973.80",-0.05,701.50,0.11,"8,131.10","5,856.30"
292,Nvidia,"13,775.00",-24.00,"10,918.00",-0.07,"2,796.00",-0.33,"17,315.00","161,451.20"
293,Entergy,"13,635.00",-5.00,"10,878.70",-0.01,"1,241.20",0.46,"51,723.90","18,870.60"
294,FirstEnergy,"12,316.00",-31.00,"10,850.00",-0.09,912.00,-0.32,"42,301.00","21,666.40"
295,eBay,"13,300.00",None,"10,800.00",0.01,"1,786.00",-0.29,"18,174.00","23,930.20"
296,Boston Scientific,"36,000.00",23.00,"10,735.00",0.09,"4,700.00",1.81,"30,565.00","45,655.90"
297,Office Depot,"40,000.00",-12.00,"10,647.00",-0.04,99.00,-0.05,"7,311.00",867.70
298,Molson Coors Beverage,"17,700.00",-4.00,"10,579.40",-0.02,241.70,-0.78,"28,859.80","8,441.00"
299,Steel Dynamics,"8,385.00",-35.00,"10,465.00",-0.12,671.10,-0.47,"8,275.80","4,793.80"
300,Mutual of Omaha Insurance,"6,072.00",36.00,"10,455.70",0.12,271.50,-0.02,"50,173.60",-
301,Sonic Automotive,"9,300.00",15.00,"10,454.30",0.05,144.10,1.79,"4,071.00",567.10
302,Alcoa,"13,800.00",-66.00,"10,433.00",-0.22,"-1,125.00",-5.96,"14,631.00","1,145.20"
303,Fidelity National Information Services,"55,000.00",58.00,"10,333.00",0.23,298.00,-0.65,"83,806.00","74,969.40"
304,Henry Schein,"19,000.00",-62.00,"10,305.30",-0.22,694.70,0.30,"7,151.10","7,244.10"
305,Republic Services,"36,000.00",9.00,"10,299.40",0.03,"1,073.30",0.04,"22,683.80","23,955.70"
306,Liberty Media,"6,753.00",74.00,"10,292.00",0.28,106.00,-0.80,"44,189.00","9,971.60"
307,Peter Kiewit Sons\',"23,000.00",33.00,"10,283.00",0.14,419.00,-0.11,"5,717.00",-
308,Interpublic Group,"54,300.00",14.00,"10,221.30",0.05,656.00,0.06,"17,751.90","6,278.90"
309,PulteGroup,"5,245.00",3.00,"10,213.00",0.00,"1,016.70",-0.01,"10,715.60","6,014.80"
310,AES,"8,000.00",-14.00,"10,189.00",-0.05,303.00,-0.75,"33,648.00","9,040.80"
311,Fiserv,"44,000.00",177.00,"10,187.00",0.75,893.00,-0.25,"77,539.00","64,507.60"
312,BorgWarner,"29,000.00",-11.00,"10,168.00",-0.03,746.00,-0.20,"9,702.00","5,037.40"
313,Oneok,"2,882.00",-57.00,"10,164.40",-0.19,"1,278.60",0.11,"21,812.10","9,014.50"
314,O\'Reilly Automotive,"67,663.00",15.00,"10,150.00",0.06,"1,391.00",0.05,"10,717.20","22,353.40"
315,Assurant,"13,900.00",63.00,"10,086.80",0.25,382.60,0.52,"44,291.20","6,217.90"
316,Newell Brands,"30,000.00",-73.00,"10,083.10",-0.23,106.60,None,"15,642.00","5,949.10"
317,Public Service Enterprise Group,"12,992.00",6.00,"10,076.00",0.04,"1,693.00",0.18,"47,730.00","22,685.30"
318,News Corp.,"28,000.00",23.00,"10,074.00",0.12,155.00,None,"15,711.00","5,279.70"
319,Calpine,"2,256.00",11.00,"10,072.00",0.06,770.00,76.00,"16,649.00",-
320,Auto-Owners Insurance,"6,141.00",62.00,"10,007.40",0.25,"1,352.40",0.79,"27,134.80",-
321,Mohawk Industries,"41,800.00",-6.00,"9,970.70",0.00,744.20,-0.14,"13,386.70","5,464.30"
322,PVH,"30,750.00",2.00,"9,909.00",0.03,417.30,-0.44,"13,631.00","2,746.20"
322,Campbell Soup,"19,000.00",27.00,"9,909.00",0.14,211.00,-0.19,"13,148.00","13,928.50"
324,NRG Energy,"4,577.00",-33.00,"9,871.00",-0.09,"4,438.00",15.56,"12,531.00","6,829.80"
325,Fifth Third Bancorp,"19,869.00",59.00,"9,790.00",0.23,"2,512.00",0.15,"169,369.00","10,560.30"
326,Hertz Global Holdings,"38,000.00",5.00,"9,779.00",0.03,-58.00,None,"24,627.00",878.00
327,Altice USA,"10,700.00",None,"9,760.90",0.02,138.90,6.38,"34,108.10","14,109.50"
328,Newmont,"16,600.00",91.00,"9,740.00",0.34,"2,805.00",7.23,"39,974.00","36,576.60"
329,Cheniere Energy,"1,530.00",54.00,"9,730.00",0.22,648.00,0.38,"35,492.00","8,511.80"
330,Advance Auto Parts,"53,000.00",-4.00,"9,709.00",0.01,486.90,0.15,"11,248.50","6,461.30"
331,Lam Research,"10,700.00",-44.00,"9,653.60",-0.13,"2,191.40",-0.08,"12,001.30","34,931.60"
332,Owens & Minor,"15,400.00",-15.00,"9,650.00",-0.02,-62.40,None,"3,643.10",576.90
333,Equitable Holdings,"10,100.00",None,"9,591.00",-0.21,"-1,733.00",-1.95,"249,870.00","6,706.90"
334,Conagra Brands,"18,000.00",52.00,"9,538.40",0.20,678.30,-0.16,"22,213.80","14,290.80"
335,Markel,"18,600.00",106.00,"9,526.20",0.39,"1,790.50",None,"37,473.80","12,787.10"
336,Jones Financial (Edward Jones),"49,000.00",20.00,"9,526.00",0.11,"1,092.00",0.10,"19,317.00",-
337,Hormel Foods,"18,800.00",-9.00,"9,497.30",-0.01,978.80,-0.03,"8,109.00","25,081.90"
338,Hilton Worldwide Holdings,"173,000.00",7.00,"9,452.00",0.06,881.00,0.15,"14,957.00","18,933.00"
339,Univar Solutions,"10,300.00",14.00,"9,443.80",0.09,-100.20,-1.58,"6,494.80","1,810.40"
340,United Rentals,"19,100.00",39.00,"9,351.00",0.16,"1,174.00",0.07,"18,970.00","7,622.60"
341,Pioneer Natural Resources,"2,323.00",-8.00,"9,304.00",-0.01,756.00,-0.23,"19,067.00","11,624.90"
342,Delek US Holdings,"3,707.00",-35.00,"9,298.20",-0.09,310.60,-0.09,"7,016.30","1,190.10"
343,Eastman Chemical,"14,500.00",-30.00,"9,273.00",-0.09,759.00,-0.30,"16,008.00","6,330.00"
344,EMCOR Group,"36,000.00",31.00,"9,174.60",0.13,325.10,0.15,"4,830.40","3,449.80"
345,Avis Budget Group,"25,600.00",-7.00,"9,172.00",0.01,302.00,0.83,"23,126.00",966.60
346,J.B. Hunt Transport Services,"29,056.00",8.00,"9,165.30",0.06,516.30,0.06,"5,470.90","9,800.30"
347,Xerox Holdings,"27,000.00",-29.00,"9,145.00",-0.07,"1,353.00",2.75,"15,047.00","4,030.20"
348,Wayfair,"16,985.00",98.00,"9,127.10",0.35,-984.60,None,"2,953.00","5,042.70"
349,KKR,"1,384.00",None,"9,120.30",0.75,"2,005.00",0.77,"60,899.30","19,912.60"
350,AGCO,"20,961.00",-15.00,"9,041.40",-0.03,125.20,-0.56,"7,759.70","3,546.30"
351,Alleghany,"10,786.00",86.00,"9,040.70",0.31,857.80,20.70,"26,931.60","7,923.50"
352,Icahn Enterprises,"28,033.00",-186.00,"8,992.00",-0.53,"-1,098.00",-1.73,"24,639.00","10,365.70"
353,Voya Financial,"6,000.00",-10.00,"8,942.00",0.00,-351.00,-1.40,"169,051.00","5,366.20"
354,Ryder System,"39,900.00",9.00,"8,925.80",0.06,-24.40,-1.09,"14,475.30","1,380.70"
355,Air Products & Chemicals,"17,570.00",-11.00,"8,918.90",0.00,"1,760.00",0.18,"18,942.80","44,049.60"
356,Mosaic,"12,600.00",-31.00,"8,906.30",-0.07,"-1,067.40",-3.27,"19,298.50","4,098.20"
357,Huntington Ingalls Industries,"42,000.00",14.00,"8,899.00",0.09,549.00,-0.34,"7,031.00","7,420.30"
358,Berry Global Group,"48,000.00",31.00,"8,878.00",0.13,404.00,-0.19,"16,469.00","4,463.00"
359,Anixter International,"9,400.00",5.00,"8,845.60",0.05,262.90,0.68,"4,808.90","2,972.70"
360,Alaska Air Group,"24,134.00",8.00,"8,781.00",0.06,769.00,0.76,"12,993.00","3,490.00"
361,Yum China Holdings,"450,000.00",1.00,"8,776.00",0.04,713.00,0.01,"6,950.00","16,033.20"
362,Dick\'s Sporting Goods,"28,450.00",-3.00,"8,750.70",0.04,297.50,-0.07,"6,628.60","1,848.30"
363,Caesars Entertainment,"64,000.00",2.00,"8,742.00",0.04,"-1,195.00",-4.94,"25,345.00","4,612.10"
364,Genworth Financial,"3,100.00",-4.00,"8,681.00",0.03,343.00,1.88,"101,342.00","1,675.80"
365,Targa Resources,"2,680.00",-63.00,"8,671.10",-0.17,-209.20,-131.75,"18,815.10","1,610.80"
366,Coty,"19,000.00",-32.00,"8,648.50",-0.08,"-3,784.20",None,"17,665.40","3,924.40"
367,Dana,"36,300.00",6.00,"8,620.00",0.06,226.00,-0.47,"7,220.00","1,128.20"
368,Thrivent Financial for Lutherans,"3,235.00",-17.00,"8,611.70",0.00,968.10,-0.22,"102,478.30",-
369,Autoliv,"61,957.00",-48.00,"8,547.60",-0.13,461.50,1.42,"6,771.20","4,017.40"
370,SpartanNash,"13,800.00",7.00,"8,536.10",0.06,5.70,-0.83,"2,275.60",520.50
371,Eversource Energy,"8,234.00",-13.00,"8,526.50",0.01,909.10,-0.12,"41,123.90","25,835.30"
372,Darden Restaurants,"184,514.00",4.00,"8,510.40",0.05,713.40,0.20,"5,892.80","6,580.00"
373,Chesapeake Energy,"2,300.00",-64.00,"8,489.00",-0.17,-308.00,-1.35,"16,193.00",337.70
374,National Oilwell Varco,"34,645.00",-17.00,"8,479.00",0.00,"-6,095.00",None,"13,149.00","3,793.90"
375,Fidelity National Financial,"23,484.00",27.00,"8,469.00",0.12,"1,062.00",0.69,"10,677.00","6,854.30"
376,Erie Insurance Group,"5,778.00",5.00,"8,443.30",0.05,551.00,-0.20,"23,346.70",-
377,Oshkosh,"15,400.00",18.00,"8,382.00",0.09,579.40,0.23,"5,566.30","4,394.40"
378,Casey\'s General Stores,"26,866.00",30.00,"8,364.90",0.12,203.90,-0.36,"3,731.40","4,874.80"
379,WESCO International,"9,500.00",-9.00,"8,358.90",0.02,223.40,-0.02,"5,017.60",956.80
380,Tractor Supply,"24,000.00",8.00,"8,351.90",0.06,562.40,0.06,"5,289.30","9,809.90"
381,CommScope Holding,"30,000.00",None,"8,345.10",0.83,-929.50,-7.63,"14,431.60","1,779.00"
382,Huntsman,"10,000.00",-106.00,"8,342.00",-0.28,562.00,0.67,"8,320.00","3,217.20"
383,American Financial Group,"7,700.00",44.00,"8,237.00",0.15,897.00,0.69,"70,130.00","6,331.00"
384,Masco,"22,000.00",-18.00,"8,235.00",-0.02,935.00,0.27,"5,027.00","9,118.00"
385,Sanmina,"38,500.00",44.00,"8,233.90",0.16,141.50,None,"3,905.50","1,927.20"
386,Amphenol,"74,000.00",-17.00,"8,225.40",0.00,"1,155.00",-0.04,"10,815.50","21,725.60"
387,Williams,"4,812.00",-39.00,"8,201.00",-0.06,850.00,None,"46,040.00","17,165.70"
388,Westinghouse Air Brake,"27,500.00",None,"8,200.00",0.88,326.70,0.11,"18,944.20","9,227.10"
389,Expeditors Intl. of Washington,"18,000.00",-15.00,"8,175.40",0.01,590.40,-0.05,"3,691.90","11,208.20"
390,Andersons,"2,284.00",None,"8,170.20",1.68,18.30,-0.56,"3,900.70",628.70
391,Westlake Chemical,"9,430.00",-39.00,"8,118.00",-0.06,421.00,-0.58,"13,261.00","4,900.80"
392,Constellation Brands,"9,800.00",11.00,"8,116.00",0.07,"3,435.90",0.48,"29,231.50","27,601.30"
393,Frontier Communications,"18,317.00",-38.00,"8,107.00",-0.06,"-5,911.00",None,"17,488.00",39.90
394,JetBlue Airways,"19,032.00",5.00,"8,094.00",0.06,569.00,2.03,"11,918.00","2,525.70"
395,Citizens Financial Group,"17,997.00",20.00,"8,066.00",0.10,"1,791.00",0.04,"165,733.00","8,040.00"
396,Raymond James Financial,"14,200.00",11.00,"8,023.00",0.07,"1,034.00",0.21,"38,830.00","8,802.70"
397,Foot Locker,"33,294.00",-12.00,"8,005.00",0.01,491.00,-0.09,"6,589.00","2,297.40"
398,Hershey,"15,330.00",-7.00,"7,986.30",0.03,"1,149.70",-0.02,"8,140.40","27,791.80"
399,Zimmer Biomet Holdings,"19,900.00",-12.00,"7,982.20",0.01,"1,131.60",None,"24,638.70","20,891.40"
400,Cincinnati Financial,"5,200.00",None,"7,924.20",0.47,"1,997.40",5.96,"25,407.90","12,241.50"
401,Western & Southern Financial Group,"2,787.00",20.00,"7,920.50",0.10,244.90,-0.51,"54,702.70",-
402,W.R. Berkley,"7,493.00",-5.00,"7,902.20",0.03,681.90,0.06,"26,643.40","9,569.10"
403,Motorola Solutions,"17,000.00",13.00,"7,887.00",0.07,868.00,-0.10,"10,642.00","22,802.90"
404,Thor Industries,"21,750.00",-37.00,"7,864.80",-0.06,133.30,-0.69,"5,660.40","2,328.30"
405,Regeneron Pharmaceuticals,"8,100.00",45.00,"7,863.40",0.17,"2,115.80",-0.13,"14,805.20","53,721.60"
406,Spirit AeroSystems Holdings,"18,200.00",14.00,"7,863.10",0.09,530.10,-0.14,"7,606.00","2,506.50"
407,J.M. Smucker,"7,400.00",7.00,"7,838.00",0.07,514.40,-0.62,"16,711.30","12,658.20"
408,PPL,"12,280.00",-16.00,"7,769.00",0.00,"1,746.00",-0.04,"45,680.00","18,949.60"
409,Insight Enterprises,"11,261.00",21.00,"7,731.20",0.09,159.40,-0.03,"4,178.20","1,485.70"
410,Quest Diagnostics,"47,000.00",-6.00,"7,726.00",0.03,858.00,0.17,"12,843.00","10,716.40"
411,KeyCorp,"17,045.00",2.00,"7,694.00",0.04,"1,717.00",-0.08,"144,988.00","10,057.80"
412,Veritiv,"8,000.00",-65.00,"7,659.40",-0.12,-29.50,None,"2,511.10",126.90
413,DCP Midstream,"2,250.00",-93.00,"7,625.00",-0.22,17.00,-0.94,"14,127.00",847.90
414,American Tower,"5,454.00",-4.00,"7,580.30",0.02,"1,887.80",0.53,"42,801.60","96,444.00"
415,Graybar Electric,"9,000.00",8.00,"7,523.90",0.05,144.50,0.01,"2,517.70",-
416,WEC Energy Group,"7,509.00",-18.00,"7,523.10",-0.02,"1,134.00",0.07,"34,951.80","27,799.20"
417,NVR,"5,700.00",7.00,"7,428.40",0.03,878.50,0.10,"3,809.80","9,475.00"
418,Ulta Beauty,"31,000.00",31.00,"7,398.10",0.10,705.90,0.07,"4,863.90","9,893.60"
419,Devon Energy,"1,800.00",-122.00,"7,372.00",-0.31,-355.00,-1.12,"13,717.00","2,645.80"
420,Blackstone Group,"2,905.00",22.00,"7,338.30",0.07,"2,049.70",0.33,"32,585.50","30,696.40"
421,Dean Foods,"14,500.00",-28.00,"7,328.70",-0.06,-499.90,None,"2,228.60",9.70
422,Fortive,"25,000.00",None,"7,326.10",0.02,738.90,-0.75,"17,439.00","18,566.80"
423,UGI,"12,800.00",-23.00,"7,320.40",-0.04,256.20,-0.64,"13,346.60","5,562.00"
424,Burlington Stores,"47,000.00",27.00,"7,286.40",0.09,465.10,0.12,"5,593.90","10,441.30"
425,Builders FirstSource,"15,800.00",-31.00,"7,280.40",-0.06,221.80,0.08,"3,249.50","1,420.30"
426,Toll Brothers,"5,100.00",2.00,"7,224.00",0.01,590.00,-0.21,"10,828.10","2,439.60"
427,Old Republic International,"9,000.00",54.00,"7,213.70",0.20,"1,056.40",1.85,"21,076.30","4,634.90"
428,Asbury Automotive Group,"8,500.00",11.00,"7,210.30",0.05,184.40,0.10,"2,911.30","1,064.80"
429,Arthur J. Gallagher,"33,247.00",6.00,"7,195.00",0.04,668.80,0.06,"19,634.80","15,454.90"
430,MasTec,"21,000.00",6.00,"7,183.20",0.04,392.30,0.51,"4,997.00","2,506.60"
431,Owens Corning,"19,000.00",None,"7,160.00",0.02,405.00,-0.26,"10,006.00","4,200.90"
432,Magellan Health,"10,100.00",-15.00,"7,159.40",-0.02,55.90,1.31,"3,092.20","1,188.20"
433,Dover,"24,000.00",-21.00,"7,136.40",-0.04,677.90,0.19,"8,669.50","12,094.40"
434,Beacon Roofing Supply,"8,147.00",30.00,"7,105.20",0.11,-10.60,-1.11,"6,392.80","1,138.00"
435,Avery Dennison,"30,000.00",-10.00,"7,070.10",-0.01,303.60,-0.35,"5,488.80","8,485.40"
436,Hanesbrands,"63,000.00",8.00,"6,966.90",0.02,600.70,0.11,"7,354.00","2,816.50"
437,Packaging Corp. of America,"15,500.00",-5.00,"6,964.30",-0.01,696.40,-0.06,"7,235.80","8,235.80"
438,M&T Bank,"17,386.00",24.00,"6,941.30",0.08,"1,929.10",0.01,"119,872.80","13,440.80"
439,NCR,"36,000.00",26.00,"6,915.00",0.08,564.00,None,"8,987.00","2,287.00"
440,Northern Trust,"19,800.00",13.00,"6,895.10",0.04,"1,492.20",-0.04,"136,828.40","15,791.30"
441,Cintas,"45,000.00",18.00,"6,892.30",0.06,885.00,0.05,"7,436.70","18,023.60"
442,Polaris,"14,000.00",34.00,"6,863.40",0.11,324.00,-0.03,"4,430.50","2,959.00"
443,CMS Energy,"8,459.00",-3.00,"6,845.00",0.00,680.00,0.04,"26,837.00","16,697.20"
444,Seaboard,"13,100.00",11.00,"6,840.00",0.04,283.00,None,"6,285.00","3,273.80"
445,Intuit,"9,400.00",37.00,"6,784.00",0.14,"1,557.00",0.29,"6,283.00","59,912.60"
446,Regions Financial,"19,564.00",1.00,"6,755.00",0.00,"1,582.00",-0.10,"126,240.00","8,587.80"
447,FM Global,"5,591.00",None,"6,743.10",0.24,"2,479.30",14.36,"25,053.80",-
448,Advanced Micro Devices,"11,400.00",12.00,"6,731.00",0.04,341.00,0.01,"6,028.00","53,250.40"
449,Ovintiv,"2,571.00",None,"6,726.00",0.13,234.00,-0.78,"21,487.00",701.50
450,Booz Allen Hamilton Holding,"26,100.00",25.00,"6,704.00",0.09,418.50,0.37,"3,831.80","9,624.30"
451,S&P Global,"22,500.00",19.00,"6,699.00",0.07,"2,123.00",0.08,"11,348.00","59,042.20"
452,Rockwell Automation,"23,000.00",None,"6,694.80",0.00,695.80,0.30,"6,113.00","17,533.30"
453,O-I Glass,"27,500.00",-15.00,"6,691.00",-0.03,-400.00,-2.56,"9,610.00","1,108.50"
454,Wynn Resorts,"30,200.00",-6.00,"6,611.10",-0.02,123.00,-0.79,"13,871.30","6,471.40"
455,Securian Financial Group,"6,400.00",None,"6,600.60",0.20,434.80,0.35,"63,138.30",-
456,Alliance Data Systems,"8,500.00",-66.00,"6,580.90",-0.16,278.00,-0.71,"26,494.80","1,602.70"
457,Weyerhaeuser,"9,400.00",-51.00,"6,554.00",-0.12,-76.00,-1.10,"16,406.00","12,636.50"
457,Brighthouse Financial,"1,330.00",-115.00,"6,554.00",-0.27,-740.00,-1.86,"227,259.00","2,540.20"
459,Intercontinental Exchange,"5,989.00",10.00,"6,547.00",0.04,"1,933.00",-0.03,"94,493.00","44,342.90"
460,American Axle & Manufacturing,"20,000.00",-42.00,"6,530.90",-0.10,-484.50,None,"6,644.60",408.10
461,Hess,"1,775.00",None,"6,510.00",0.01,-408.00,None,"21,782.00","10,163.60"
462,ABM Industries,"140,000.00",1.00,"6,498.60",0.01,127.40,0.30,"3,692.60","1,623.10"
463,Activision Blizzard,"9,200.00",-58.00,"6,489.00",-0.14,"1,503.00",-0.17,"19,845.00","45,753.30"
464,GameStop,"30,000.00",-118.00,"6,466.00",-0.27,-470.90,None,"2,819.70",225.60
465,Apache,"3,163.00",-54.00,"6,411.00",-0.14,"-3,553.00",-89.83,"18,107.00","1,577.20"
466,Science Applications International,"24,311.00",None,"6,379.00",0.37,226.00,0.65,"4,711.00","4,316.90"
467,AK Steel Holding,"9,300.00",-24.00,"6,359.40",-0.07,11.20,-0.94,"4,590.60",-
468,Dillard\'s,"30,400.00",-10.00,"6,343.20",-0.03,111.10,-0.35,"3,430.30",863.80
469,Ralph Lauren,"18,650.00",4.00,"6,313.00",0.02,430.90,1.65,"5,942.80","4,928.30"
470,Celanese,"7,714.00",-44.00,"6,297.00",-0.12,852.00,-0.29,"9,476.00","8,775.00"
471,R.R. Donnelley & Sons,"36,400.00",-26.00,"6,276.20",-0.08,-93.20,None,"3,330.10",68.00
472,Zoetis,"10,600.00",15.00,"6,260.00",0.08,"1,500.00",0.05,"11,545.00","55,895.00"
473,Ascena Retail Group,"33,000.00",-16.00,"6,242.80",-0.05,-661.40,None,"2,699.80",13.90
474,Clorox,"8,800.00",3.00,"6,214.00",0.02,820.00,0.00,"5,116.00","21,673.50"
475,Ingredion,"11,000.00",11.00,"6,209.00",0.06,413.00,-0.07,"6,040.00","5,049.60"
476,First American Financial,"18,412.00",15.00,"6,202.10",0.08,707.40,0.49,"11,519.20","4,790.60"
477,Graphic Packaging Holding,"18,000.00",3.00,"6,160.10",0.02,206.80,-0.07,"7,289.90","3,542.00"
478,NetApp,"10,500.00",5.00,"6,146.00",0.04,"1,169.00",14.38,"8,741.00","9,220.90"
478,HD Supply Holdings,"11,500.00",1.00,"6,146.00",0.02,452.00,0.15,"4,715.00","4,605.30"
480,TravelCenters of America,"18,594.00",-47.00,"6,117.40",-0.12,33.30,None,"3,230.90",81.20
481,Olin,"6,500.00",-47.00,"6,110.00",-0.12,-11.30,-1.03,"9,187.80","1,841.80"
482,Robert Half International,"16,000.00",8.00,"6,074.40",0.05,454.40,0.05,"2,311.40","4,345.80"
483,EnLink Midstream,"1,355.00",-87.00,"6,052.90",-0.21,"-1,119.30",None,"9,335.80",537.30
484,Avantor,"12,000.00",None,"6,040.30",0.03,37.80,None,"9,773.30","7,155.60"
485,Tapestry,"17,400.00",-1.00,"6,027.10",0.03,643.40,0.62,"6,877.30","3,574.60"
486,TD Ameritrade Holding,"9,226.00",None,"6,016.00",0.10,"2,208.00",0.50,"43,786.00","18,738.80"
487,Analog Devices,"16,400.00",-15.00,"5,991.10",-0.03,"1,363.00",-0.09,"21,392.60","33,010.90"
488,Ameren,"9,323.00",-20.00,"5,910.00",-0.06,828.00,0.02,"28,933.00","17,969.90"
489,Williams-Sonoma,"19,300.00",6.00,"5,898.00",0.04,356.10,0.07,"4,054.00","3,282.40"
490,Realogy Holdings,"10,150.00",-12.00,"5,870.00",-0.03,-188.00,-2.37,"7,543.00",346.90
491,Commercial Metals,"11,524.00",None,"5,829.00",0.18,198.10,0.43,"3,758.80","1,880.00"
492,Rush Enterprises,"7,244.00",None,"5,809.80",0.06,141.60,0.02,"3,407.30","1,145.60"
493,Franklin Resources,"9,597.00",-26.00,"5,774.50",-0.09,"1,195.70",0.56,"14,532.20","8,293.20"
494,Fortune Brands Home & Security,"24,700.00",None,"5,764.60",0.05,431.90,0.11,"6,291.30","6,042.30"
495,Levi Strauss,"15,800.00",5.00,"5,763.10",0.03,394.60,0.39,"4,232.40","4,961.20"
496,Crown Castle International,"5,100.00",None,"5,763.00",0.07,860.00,0.38,"38,457.00","60,178.60"
497,Simon Property Group,"3,750.00",-1.00,"5,755.20",0.02,"2,101.60",-0.14,"31,231.60","16,834.80"
498,Cerner,"27,400.00",None,"5,692.60",0.06,529.50,-0.16,"6,894.60","19,164.40"
499,Post Holdings,"10,100.00",-28.00,"5,681.10",-0.09,124.70,-0.73,"11,951.60","5,732.00"
500,Huntington Bancshares,"15,664.00",None,"5,655.00",0.07,"1,411.00",0.01,"109,002.00","8,398.60"